id,first_name,last_name,specialization,phone_number,experience,branch,email,password
N001,Emily,Johnson,ICU Nurse,+447910100001,5,ICU,emily.johnson@stmaryshospital.co.uk,pass001
N002,Michael,Smith,ER Nurse,+447910100002,8,ER,michael.smith@stmaryshospital.co.uk,pass002
N003,Sophia,Williams,Pediatrics Nurse,+447910100003,3,Pediatrics,sophia.williams@stmaryshospital.co.uk,pass003
N004,James,Brown,Surgery Nurse,+447910100004,10,Surgery,james.brown@stmaryshospital.co.uk,pass004
N005,Olivia,Jones,Cardiology Nurse,+447910100005,6,Cardiology,olivia.jones@stmaryshospital.co.uk,pass005
N006,Daniel,Miller,Oncology Nurse,+447910100006,7,Oncology,daniel.miller@stmaryshospital.co.uk,pass006
N007,Emma,Davis,Neurology Nurse,+447910100007,4,Neurology,emma.davis@stmaryshospital.co.uk,pass007
N008,William,Wilson,Orthopedics Nurse,+447910100008,12,Orthopedics,william.wilson@stmaryshospital.co.uk,pass008
N009,Ava,Moore,ICU Nurse,+447910100009,9,ICU,ava.moore@stmaryshospital.co.uk,pass009
N010,Alexander,Taylor,ER Nurse,+447910100010,2,ER,alexander.taylor@stmaryshospital.co.uk,pass010
N011,Isabella,Anderson,Surgery Nurse,+447910100011,11,Surgery,isabella.anderson@stmaryshospital.co.uk,pass011
N012,Noah,Thomas,Pediatrics Nurse,+447910100012,4,Pediatrics,noah.thomas@stmaryshospital.co.uk,pass012
N013,Mia,Jackson,Cardiology Nurse,+447910100013,6,Cardiology,mia.jackson@stmaryshospital.co.uk,pass013
N014,Lucas,White,Oncology Nurse,+447910100014,8,Oncology,lucas.white@stmaryshospital.co.uk,pass014
N015,Amelia,Harris,Neurology Nurse,+447910100015,5,Neurology,amelia.harris@stmaryshospital.co.uk,pass015
N016,Henry,Martin,Orthopedics Nurse,+447910100016,7,Orthopedics,henry.martin@stmaryshospital.co.uk,pass016
N017,Evelyn,Thompson,ICU Nurse,+447910100017,6,ICU,evelyn.thompson@stmaryshospital.co.uk,pass017
N018,Jack,Garcia,ER Nurse,+447910100018,9,ER,jack.garcia@stmaryshospital.co.uk,pass018
N019,Charlotte,Martinez,Surgery Nurse,+447910100019,10,Surgery,charlotte.martinez@stmaryshospital.co.uk,pass019
N020,Benjamin,Robinson,Pediatrics Nurse,+447910100020,3,Pediatrics,benjamin.robinson@stmaryshospital.co.uk,pass020
N021,Harper,Clark,Cardiology Nurse,+447910100021,12,Cardiology,harper.clark@stmaryshospital.co.uk,pass021
N022,Samuel,Rodriguez,Oncology Nurse,+447910100022,7,Oncology,samuel.rodriguez@stmaryshospital.co.uk,pass022
N023,Lily,Lewis,Neurology Nurse,+447910100023,4,Neurology,lily.lewis@stmaryshospital.co.uk,pass023
N024,Ethan,Lee,Orthopedics Nurse,+447910100024,6,Orthopedics,ethan.lee@stmaryshospital.co.uk,pass024
N025,Grace,Walker,ICU Nurse,+447910100025,8,ICU,grace.walker@stmaryshospital.co.uk,pass025
N026,David,Hall,ER Nurse,+447910100026,5,ER,david.hall@stmaryshospital.co.uk,pass026
N027,Chloe,Allen,Surgery Nurse,+447910100027,11,Surgery,chloe.allen@stmaryshospital.co.uk,pass027
N028,Matthew,Young,Pediatrics Nurse,+447910100028,4,Pediatrics,matthew.young@stmaryshospital.co.uk,pass028
N029,Victoria,King,Cardiology Nurse,+447910100029,6,Cardiology,victoria.king@stmaryshospital.co.uk,pass029
N030,Andrew,Wright,Oncology Nurse,+447910100030,9,Oncology,andrew.wright@stmaryshospital.co.uk,pass030
N031,Sofia,Scott,Neurology Nurse,+447910100031,3,Neurology,sofia.scott@stmaryshospital.co.uk,pass031
N032,Christopher,Torres,Orthopedics Nurse,+447910100032,10,Orthopedics,christopher.torres@stmaryshospital.co.uk,pass032
N033,Abigail,Nguyen,ICU Nurse,+447910100033,7,ICU,abigail.nguyen@stmaryshospital.co.uk,pass033
N034,Joshua,Hill,ER Nurse,+447910100034,5,ER,joshua.hill@stmaryshospital.co.uk,pass034
N035,Elizabeth,Green,Surgery Nurse,+447910100035,12,Surgery,elizabeth.green@stmaryshospital.co.uk,pass035
N036,Joseph,Adams,Pediatrics Nurse,+447910100036,4,Pediatrics,joseph.adams@stmaryshospital.co.uk,pass036
N037,Samantha,Baker,Cardiology Nurse,+447910100037,8,Cardiology,samantha.baker@stmaryshospital.co.uk,pass037
N038,Daniela,Gonzalez,Oncology Nurse,+447910100038,6,Oncology,daniela.gonzalez@stmaryshospital.co.uk,pass038
N039,Matthew,Nelson,Neurology Nurse,+447910100039,9,Neurology,matthew.nelson@stmaryshospital.co.uk,pass039
N040,Zoey,Carter,Orthopedics Nurse,+447910100040,5,Orthopedics,zoey.carter@stmaryshospital.co.uk,pass040
N041,Anthony,Mitchell,ICU Nurse,+447910100041,7,ICU,anthony.mitchell@stmaryshospital.co.uk,pass041
N042,Aria,Perez,ER Nurse,+447910100042,3,ER,aria.perez@stmaryshospital.co.uk,pass042
N043,John,Roberts,Surgery Nurse,+447910100043,10,Surgery,john.roberts@stmaryshospital.co.uk,pass043
N044,Natalie,Turner,Pediatrics Nurse,+447910100044,4,Pediatrics,natalie.turner@stmaryshospital.co.uk,pass044
N045,Logan,Phillips,Cardiology Nurse,+447910100045,11,Cardiology,logan.phillips@stmaryshospital.co.uk,pass045
N046,Aubrey,Campbell,Oncology Nurse,+447910100046,6,Oncology,aubrey.campbell@stmaryshospital.co.uk,pass046
N047,Isaac,Parker,Neurology Nurse,+447910100047,8,Neurology,isaac.parker@stmaryshospital.co.uk,pass047
N048,Hannah,Evans,Orthopedics Nurse,+447910100048,5,Orthopedics,hannah.evans@stmaryshospital.co.uk,pass048
N049,Owen,Edwards,ICU Nurse,+447910100049,9,ICU,owen.edwards@stmaryshospital.co.uk,pass049
N050,Layla,Collins,ER Nurse,+447910100050,6,ER,layla.collins@stmaryshospital.co.uk,pass050
